{
  "A1n": {
    "llm": 0.28308823529411764,
    "llm_ci": [
      0.2034261029796111,
      0.3454843649457799
    ],
    "llm_76": 0.18965517241379315,
    "hum": 0.36519386834986467,
    "hum_ci": [
      0.2276327254204119,
      0.513251745122606
    ],
    "hum_n": 66,
    "llm_n": 205,
    "recall": {
      "Vigilance": 0.36,
      "Avoidance": 0.35,
      "AttentionReg": 0.5205479452054794,
      "Metacognition": 0.3103448275862069,
      "Reappraisal": 0.43103448275862066,
      "5": null
    }
  },
  "per-rater:gemma-4-31b": {
    "llm": 0.24469646815002444,
    "llm_ci": [
      0.15352408744810897,
      0.32260771800899557
    ],
    "llm_76": 0.13293543136190988,
    "hum": 0.3247065904303341,
    "hum_ci": [
      0.21444035006909262,
      0.4774010906883433
    ],
    "hum_n": 66,
    "llm_n": 205,
    "recall": {
      "Vigilance": 0.52,
      "Avoidance": 0.45,
      "AttentionReg": 0.3835616438356164,
      "Metacognition": 0.3103448275862069,
      "Reappraisal": 0.3103448275862069,
      "5": null
    }
  },
  "per-rater:nemotron-3-nano-30b": {
    "llm": 0.25967435634008906,
    "llm_ci": [
      0.17932328444259385,
      0.3327342698768091
    ],
    "llm_76": 0.3011152416356876,
    "hum": 0.32633420822397186,
    "hum_ci": [
      0.19004733009708732,
      0.4521758935076141
    ],
    "hum_n": 66,
    "llm_n": 205,
    "recall": {
      "Vigilance": 0.16,
      "Avoidance": 0.15,
      "AttentionReg": 0.5753424657534246,
      "Metacognition": 0.4482758620689655,
      "Reappraisal": 0.46551724137931033,
      "5": null
    }
  },
  "per-rater:qwen3-next-80b": {
    "llm": 0.3118516950433968,
    "llm_ci": [
      0.2381942594452399,
      0.38768154506845126
    ],
    "llm_76": 0.22336182336182342,
    "hum": 0.3459632760128243,
    "hum_ci": [
      0.23325379716199776,
      0.4815436875579168
    ],
    "hum_n": 66,
    "llm_n": 205,
    "recall": {
      "Vigilance": 0.44,
      "Avoidance": 0.4,
      "AttentionReg": 0.4520547945205479,
      "Metacognition": 0.3793103448275862,
      "Reappraisal": 0.5344827586206896,
      "5": null
    }
  },
  "ens_majority": {
    "llm": 0.30411589986058063,
    "llm_ci": [
      0.2289432320413357,
      0.3745564461495674
    ],
    "llm_76": 0.2070971495055265,
    "hum": 0.3535173642030275,
    "hum_ci": [
      0.25748354775597304,
      0.4854436161448448
    ],
    "hum_n": 66,
    "llm_n": 205,
    "recall": {
      "Vigilance": 0.4,
      "Avoidance": 0.35,
      "AttentionReg": 0.5068493150684932,
      "Metacognition": 0.3448275862068966,
      "Reappraisal": 0.5,
      "5": null
    }
  },
  "ens_softavg": {
    "llm": 0.3253907797312532,
    "llm_ci": [
      0.24646224489317295,
      0.4016124994322544
    ],
    "llm_76": 0.24733096085409256,
    "hum": 0.38925373134328345,
    "hum_ci": [
      0.2865930019860139,
      0.5125123625075382
    ],
    "hum_n": 66,
    "llm_n": 205,
    "recall": {
      "Vigilance": 0.36,
      "Avoidance": 0.35,
      "AttentionReg": 0.547945205479452,
      "Metacognition": 0.3448275862068966,
      "Reappraisal": 0.5344827586206896,
      "5": null
    }
  },
  "ens_softavg_w": {
    "llm": 0.3179480975137621,
    "llm_ci": [
      0.23933296507481297,
      0.39209156272202417
    ],
    "llm_76": 0.20385514018691608,
    "hum": 0.3716155905980363,
    "hum_ci": [
      0.26583674609084135,
      0.4983624051948586
    ],
    "hum_n": 66,
    "llm_n": 205,
    "recall": {
      "Vigilance": 0.36,
      "Avoidance": 0.35,
      "AttentionReg": 0.547945205479452,
      "Metacognition": 0.3793103448275862,
      "Reappraisal": 0.4827586206896552,
      "5": null
    }
  },
  "mlp_hard": {
    "llm": 0.2992783896695784,
    "llm_ci": [
      0.23009698427706773,
      0.37264178051893415
    ],
    "llm_76": 0.20983810709838102,
    "hum": 0.3582793164407778,
    "hum_ci": [
      0.25860115738754574,
      0.4602147827851735
    ],
    "hum_n": 66,
    "llm_n": 205,
    "recall": {
      "Vigilance": 0.16,
      "Avoidance": 0.4,
      "AttentionReg": 0.6986301369863014,
      "Metacognition": 0.2413793103448276,
      "Reappraisal": 0.46551724137931033,
      "5": null
    }
  },
  "mlp_soft_kl": {
    "llm": 0.2745930644019816,
    "llm_ci": [
      0.19993188006318213,
      0.3339745131787385
    ],
    "llm_76": 0.2861482381530984,
    "hum": 0.43018755582018464,
    "hum_ci": [
      0.31067906126852035,
      0.5614887598893468
    ],
    "hum_n": 66,
    "llm_n": 205,
    "recall": {
      "Vigilance": 0.28,
      "Avoidance": 0.25,
      "AttentionReg": 0.5753424657534246,
      "Metacognition": 0.20689655172413793,
      "Reappraisal": 0.5172413793103449,
      "5": null
    }
  }
}